PO_NUMBER,PO_DATE,SKU,QTY,DESCRIPTION,REQUESTED_SHIP_DATE,SHIP_TO_NAME,SHIP_TO_ADDRESS1,SHIP_TO_ADDRESS2,SHIP_TO_CITY,SHIP_TO_STATE,SHIP_TO_POSTAL,SHIP_TO_COUNTRY,NOTES
MM-1002,2025-09-28,TSHIRT-WHT-L,1,White Tee,2025-09-28,Customer 1,101 Oak St,,Upland,CA,91784,US,
MM-1002,2025-09-28,MUG-11OZ,1,Ceramic Mug 11oz,2025-09-28,Customer 1,101 Oak St,,Upland,CA,91784,US,
MM-1003,2025-09-29,HAT-TRUCKER,2,Trucker Hat,2025-09-29,Customer 2,103 Cedar Blvd,Apt 203,Ontario,CA,91761,US,gift
MM-1003,2025-09-29,TSHIRT-BLK-S,1,Black Tee,2025-09-29,Customer 2,103 Cedar Blvd,Apt 203,Ontario,CA,91761,US,gift
MM-1004,2025-09-29,TSHIRT-WHT-L,2,White Tee,2025-09-29,Customer 3,105 Maple Ave,,Riverside,CA,92501,US,
MM-1004,2025-09-29,TSHIRT-BLK-S,1,Black Tee,2025-09-29,Customer 3,105 Maple Ave,,Riverside,CA,92501,US,
MM-1005,2025-09-29,HAT-TRUCKER,1,Trucker Hat,2025-09-29,Customer 4,107 Pine Rd,,Rancho Cucamonga,CA,91730,US,WELCOME10
MM-1005,2025-09-29,MUG-11OZ,2,Ceramic Mug 11oz,2025-09-29,Customer 4,107 Pine Rd,,Rancho Cucamonga,CA,91730,US,WELCOME10
MM-1006,2025-09-29,TSHIRT-BLK-M,1,Black Tee,2025-09-29,Customer 5,109 Sunset Dr,Apt 209,Fontana,CA,92335,US,gift
MM-1006,2025-09-29,HAT-TRUCKER,1,Trucker Hat,2025-09-29,Customer 5,109 Sunset Dr,Apt 209,Fontana,CA,92335,US,gift
MM-1007,2025-09-30,MUG-11OZ,1,Ceramic Mug 11oz,2025-09-30,Customer 6,111 Oak St,,Upland,CA,91784,US,WELCOME10
MM-1007,2025-09-30,HAT-TRUCKER,1,Trucker Hat,2025-09-30,Customer 6,111 Oak St,,Upland,CA,91784,US,WELCOME10
MM-1008,2025-09-30,TSHIRT-BLK-S,1,Black Tee,2025-09-30,Customer 7,113 Cedar Blvd,,Ontario,CA,91761,US,
MM-1008,2025-09-30,MUG-11OZ,1,Ceramic Mug 11oz,2025-09-30,Customer 7,113 Cedar Blvd,,Ontario,CA,91761,US,
MM-1009,2025-09-30,TSHIRT-BLK-S,2,Black Tee,2025-09-30,Customer 8,115 Maple Ave,Apt 215,Riverside,CA,92501,US,
MM-1009,2025-09-30,MUG-11OZ,1,Ceramic Mug 11oz,2025-09-30,Customer 8,115 Maple Ave,Apt 215,Riverside,CA,92501,US,
MM-1010,2025-09-30,TSHIRT-WHT-L,1,White Tee,2025-09-30,Customer 9,117 Pine Rd,,Rancho Cucamonga,CA,91730,US,
MM-1010,2025-09-30,HAT-TRUCKER,1,Trucker Hat,2025-09-30,Customer 9,117 Pine Rd,,Rancho Cucamonga,CA,91730,US,
MM-1011,2025-10-01,TSHIRT-BLK-M,1,Black Tee,2025-10-01,Customer 10,119 Sunset Dr,,Fontana,CA,92335,US,gift
MM-1011,2025-10-01,HAT-TRUCKER,1,Trucker Hat,2025-10-01,Customer 10,119 Sunset Dr,,Fontana,CA,92335,US,gift
